BOP,Bird Love Score [<3]
118,40.986717
188,47.674072
196,41.121273
220,38.82042
242,45.120087
282,47.56961
300,39.519203
307,56.06034
320,58.712803
340,35.781654
352,50.228146
376,30.092901
417,40.91957
447,33.22609
452,42.273407
494,44.524235
636,42.222374
671,44.694683
682,42.954453
685,56.984653
697,37.835625
698,36.03533
782,34.24508
810,40.38584
818,28.843018
849,51.246994
968,59.079807
1019,52.618393
1035,24.180515
1047,22.674477
1078,38.688686
1101,44.764877
1139,42.45412
1143,47.387146
1146,41.217224
1212,52.38015
1248,58.37066
1265,49.02697
1274,26.764498
1288,47.628143
1350,35.787777
1354,53.975555
1362,34.391384
1383,46.747837
1397,28.34632
1435,29.609882
1447,53.38804
1464,22.726545
1477,47.186954
1482,56.328297
1535,41.404934
1539,26.612312
1556,56.699013
1563,45.05776
1576,27.957504
1577,24.207922
1587,43.5015
1661,54.266415
1713,43.419502
1803,50.40043
1804,35.561733
1838,40.73768
1847,37.492268
1850,36.294018
1907,30.875198
1948,33.478336
1972,53.139206
1976,60.59024
1988,28.310633
1994,39.669617
2022,26.930676
2028,44.30738
2035,68.1922
2074,44.57058
2076,37.83864
2088,24.997246
2139,45.947887
2199,42.433643
2212,42.075634
2242,59.479103
2266,38.420578
2272,44.492104
2273,58.026947
2301,32.71048
2302,50.149006
2320,59.861168
2325,33.39823
2352,35.452663
2393,40.87031
2398,53.70218
2403,31.38877
2407,59.20049
2413,60.30676
2420,49.947372
2425,57.739582
2441,39.666424
2448,35.12454
2450,33.788437
2477,65.7286
2494,54.445915
